model,step,loss,cuda_time_ms,power_w,energy_mj,memory_mb
Dense,0,3.803650379180908,301.8598327636719,18.7765,5667.871149887084,2050.115584
Dense,1,3.6655094623565674,45.28435134887695,19.539,884.8109410057068,2048.935936
Dense,2,4.27262544631958,43.75654220581055,19.539,854.9590781593323,2048.935936
Dense,3,4.2984795570373535,43.6387825012207,19.539,852.6581712913514,2048.935936
Dense,4,4.216162204742432,42.640384674072266,19.539,833.1504761466981,2048.935936
Dense,5,4.251735687255859,42.615806579589844,19.539,832.670244758606,2048.935936
Dense,6,4.697596073150635,42.698753356933594,19.539,834.2909418411256,2048.935936
Dense,7,3.7456603050231934,42.54719924926758,37.699,1603.9868644981384,2048.935936
Dense,8,4.475574493408203,42.59328079223633,55.859,2379.218071773529,2048.935936
Dense,9,4.3194379806518555,42.610687255859375,55.859,2380.190379425049,2048.935936
Dense,10,3.9805121421813965,42.585086822509766,55.859,2378.760364818573,2048.935936
Dense,11,4.444479942321777,42.680320739746094,55.859,2384.080036201477,2048.935936
Dense,12,4.746376991271973,42.5984001159668,55.859,2379.5040320777894,2048.935936
Dense,13,4.100970268249512,42.627071380615234,55.859,2381.1055802497863,2048.935936
Dense,14,4.0460662841796875,42.57894515991211,55.859,2378.4172976875307,2048.935936
Dense,15,4.363633632659912,43.05510330200195,55.859,2405.015015346527,2048.935936
Dense,16,4.73510217666626,42.61888122558594,55.859,2380.6480863800048,2048.935936
Dense,17,3.498166084289551,42.631168365478516,55.859,2381.3344337272647,2048.935936
Dense,18,3.631702184677124,42.72947311401367,55.859,2386.82563867569,2048.935936
Dense,19,4.298976421356201,42.6506233215332,96.84150000000001,4130.350338392258,2048.935936
Dense+Mask,0,9.053214073181152,51.97209548950195,146.223,7599.515718761445,2277.132288
Dense+Mask,1,9.547877311706543,45.80966567993164,146.223,6698.426744716645,2273.98656
Dense+Mask,2,9.064058303833008,44.87577438354492,146.223,6561.870357685089,2273.98656
Dense+Mask,3,8.351827621459961,44.78054428100586,146.223,6547.9455264015205,2273.98656
Dense+Mask,4,8.227377891540527,44.7723503112793,146.223,6546.747379566194,2273.98656
Dense+Mask,5,8.16455364227295,44.74163055419922,146.223,6542.255444526673,2273.98656
Dense+Mask,6,8.509905815124512,44.679168701171875,136.273,6088.564356414795,2273.98656
Dense+Mask,7,7.562319755554199,44.986366271972656,126.323,5682.812746574402,2273.98656
Dense+Mask,8,7.880199909210205,44.77337646484375,126.323,5655.907235168456,2273.98656
Dense+Mask,9,7.890550136566162,44.76927947998047,126.323,5655.389691749572,2273.98656
Dense+Mask,10,7.643741130828857,44.78156661987305,126.323,5656.941840122223,2273.98656
Dense+Mask,11,7.772489547729492,44.7006721496582,126.323,5646.723007961273,2273.98656
Dense+Mask,12,7.937072277069092,44.77849578857422,126.323,5656.553923500061,2273.98656
Dense+Mask,13,7.985644340515137,44.7457275390625,126.323,5652.414539916992,2273.98656
Dense+Mask,14,8.626335144042969,44.72934341430664,126.323,5650.344848125457,2273.98656
Dense+Mask,15,8.425469398498535,44.76416015625,126.323,5654.743003417969,2273.98656
Dense+Mask,16,8.99387264251709,45.15635299682617,126.323,5704.285979618072,2273.98656
Dense+Mask,17,8.170902252197266,44.74470520019531,143.616,6426.05558203125,2273.98656
Dense+Mask,18,7.860378742218018,44.69657516479492,143.616,6419.1433388671885,2273.98656
Dense+Mask,19,7.792527198791504,44.71807861328125,143.616,6422.231578125001,2273.98656
SNACK,0,9.474041938781738,221.49017333984375,139.6215,30924.790236968995,1256.261632
SNACK,1,9.306861877441406,219.3059844970703,120.817,26495.89112898254,1255.213056
SNACK,2,8.254162788391113,219.072509765625,120.817,26467.683412353515,1255.213056
SNACK,3,8.050783157348633,218.925048828125,110.3615,24160.896776245118,1255.213056
SNACK,4,8.47652816772461,219.18310546875,99.906,21897.707334960938,1255.213056
SNACK,5,8.563932418823242,219.04281616210938,103.082,22579.371575622557,1255.213056
SNACK,6,7.534632205963135,219.3315887451172,106.258,23305.73595687866,1255.213056
SNACK,7,7.678399085998535,219.14215087890625,106.273,23288.893800354002,1255.213056
SNACK,8,7.584248065948486,219.21688842773438,106.288,23300.12463720703,1255.213056
SNACK,9,7.594989776611328,219.2005157470703,106.288,23298.38441772461,1255.213056
SNACK,10,8.310670852661133,219.15032958984375,106.293,23294.14598309326,1255.213056
SNACK,11,8.08372974395752,218.9864959716797,106.298,23277.82654879761,1255.213056
SNACK,12,7.779375076293945,219.5548095703125,106.331,23345.482456420898,1255.213056
SNACK,13,8.065008163452148,218.9127655029297,106.364,23284.437389953615,1255.213056
SNACK,14,7.895965099334717,219.0714874267578,106.43,23315.778406829835,1255.213056
SNACK,15,8.036017417907715,218.87181091308594,106.496,23308.972374999998,1255.213056
SNACK,16,7.632924556732178,219.2005157470703,106.5435,23354.390149497984,1255.213056
SNACK,17,8.098000526428223,218.95782470703125,106.591,23338.933493347165,1255.213056
SNACK,18,7.46530818939209,219.73606872558594,106.591,23421.88730152893,1255.213056
SNACK,19,6.93888521194458,218.91583251953125,106.61,23338.616904907227,1255.213056
